[
    {
      "Month": "Jan",
      "Sales": 87,
      "Fruit": "strawberry"
    },
    {
      "Month": "Feb",
      "Sales": 3,
      "Fruit": "strawberry"
    },
    {
      "Month": "Mar",
      "Sales": 89,
      "Fruit": "strawberry"
    },
    {
      "Month": "Apr",
      "Sales": 56,
      "Fruit": "strawberry"
    },
    {
      "Month": "May",
      "Sales": 1,
      "Fruit": "strawberry"
    },
    {
      "Month": "Jun",
      "Sales": 17,
      "Fruit": "strawberry"
    },
    {
      "Month": "Jul",
      "Sales": 59,
      "Fruit": "strawberry"
    },
    {
      "Month": "Aug",
      "Sales": 43,
      "Fruit": "strawberry"
    },
    {
      "Month": "Sep",
      "Sales": 16,
      "Fruit": "strawberry"
    },
    {
      "Month": "Oct",
      "Sales": 94,
      "Fruit": "strawberry"
    },
    {
      "Month": "Nov",
      "Sales": 99,
      "Fruit": "strawberry"
    },
    {
      "Month": "Dec",
      "Sales": 53,
      "Fruit": "strawberry"
    },
    {
      "Month": "Jan",
      "Sales": 93,
      "Fruit": "grape"
    },
    {
      "Month": "Feb",
      "Sales": 8,
      "Fruit": "grape"
    },
    {
      "Month": "Mar",
      "Sales": 95,
      "Fruit": "grape"
    },
    {
      "Month": "Apr",
      "Sales": 62,
      "Fruit": "grape"
    },
    {
      "Month": "May",
      "Sales": 5,
      "Fruit": "grape"
    },
    {
      "Month": "Jun",
      "Sales": 24,
      "Fruit": "grape"
    },
    {
      "Month": "Jul",
      "Sales": 62,
      "Fruit": "grape"
    },
    {
      "Month": "Aug",
      "Sales": 49,
      "Fruit": "grape"
    },
    {
      "Month": "Sep",
      "Sales": 18,
      "Fruit": "grape"
    },
    {
      "Month": "Oct",
      "Sales": 101,
      "Fruit": "grape"
    },
    {
      "Month": "Nov",
      "Sales": 103,
      "Fruit": "grape"
    },
    {
      "Month": "Dec",
      "Sales": 53,
      "Fruit": "grape"
    },
    {
      "Month": "Jan",
      "Sales": 94,
      "Fruit": "blueberry"
    },
    {
      "Month": "Feb",
      "Sales": 15,
      "Fruit": "blueberry"
    },
    {
      "Month": "Mar",
      "Sales": 95,
      "Fruit": "blueberry"
    },
    {
      "Month": "Apr",
      "Sales": 64,
      "Fruit": "blueberry"
    },
    {
      "Month": "May",
      "Sales": 11,
      "Fruit": "blueberry"
    },
    {
      "Month": "Jun",
      "Sales": 33,
      "Fruit": "blueberry"
    },
    {
      "Month": "Jul",
      "Sales": 64,
      "Fruit": "blueberry"
    },
    {
      "Month": "Aug",
      "Sales": 53,
      "Fruit": "blueberry"
    },
    {
      "Month": "Sep",
      "Sales": 27,
      "Fruit": "blueberry"
    },
    {
      "Month": "Oct",
      "Sales": 103,
      "Fruit": "blueberry"
    },
    {
      "Month": "Nov",
      "Sales": 108,
      "Fruit": "blueberry"
    },
    {
      "Month": "Dec",
      "Sales": 62,
      "Fruit": "blueberry"
    }
  ]