
[
    {
      "name": "California",
      "show": true,
      "color": "red",
      "currentPopulation": 37253956,
      "history": [
        {
          "year": 1910,
          "population": 2377549
        },
        {
          "year": 1920,
          "population": 3426861
        },
        {
          "year": 1930,
          "population": 5677251
        },
        {
          "year": 1940,
          "population": 6907387
        },
        {
          "year": 1950,
          "population": 10586223
        },
        {
          "year": 1960,
          "population": 15717204
        },
        {
          "year": 1970,
          "population": 19953134
        },
        {
          "year": 1980,
          "population": 23667902
        },
        {
          "year": 1990,
          "population": 29760021
        },
        {
          "year": 2000,
          "population": 33871648
        },
        {
          "year": 2010,
          "population": 37253956
        }
      ]
    },
    {
      "name": "Michigan",
      "show": true,
      "color": "blue",
      "currentPopulation": 9883640,
      "history": [
        {
          "year": 1910,
          "population": 2810173
        },
        {
          "year": 1920,
          "population": 3668412
        },
        {
          "year": 1930,
          "population": 4842325
        },
        {
          "year": 1940,
          "population": 5256106
        },
        {
          "year": 1950,
          "population": 6371766
        },
        {
          "year": 1960,
          "population": 7823194
        },
        {
          "year": 1970,
          "population": 8875083
        },
        {
          "year": 1980,
          "population": 9262078
        },
        {
          "year": 1990,
          "population": 9295297
        },
        {
          "year": 2000,
          "population": 9938444
        },
        {
          "year": 2010,
          "population": 9883640
        }
      ]
    },
    {
      "name": "Texas",
      "show": true,
      "color": "green",
      "currentPopulation": 25145561,
      "history": [
        {
          "year": 1910,
          "population": 3896542
        },
        {
          "year": 1920,
          "population": 4663228
        },
        {
          "year": 1930,
          "population": 5824715
        },
        {
          "year": 1940,
          "population": 6414824
        },
        {
          "year": 1950,
          "population": 7711194
        },
        {
          "year": 1960,
          "population": 9579677
        },
        {
          "year": 1970,
          "population": 11196730
        },
        {
          "year": 1980,
          "population": 14229191
        },
        {
          "year": 1990,
          "population": 16986510
        },
        {
          "year": 2000,
          "population": 20851820
        },
        {
          "year": 2010,
          "population": 25145561
        }
      ]
    }
  ]